URL,Title,Author,Date
https://vnexpress.net/kinh-doanh/trung-quoc-khong-con-la-chu-no-nuoc-ngoai-lon-nhat-cua-my-3968316.html,[Trung Quốc không còn là chủ nợ nước ngoài lớn nhất của Mỹ],[Hà Thu],[Thứ sáu |  16/8/2019 |  07:05 (GMT+7)]
https://vnexpress.net/kinh-doanh/gia-xang-co-the-giam-tiep-vao-ngay-mai-3967981.html,[Giá xăng có thể giảm tiếp vào ngày mai],[Thi Hà],[Thứ năm |  15/8/2019 |  14:22 (GMT+7)]
https://vnexpress.net/thoi-su/pho-giam-doc-so-nong-nghiep-va-phat-trien-nong-thon-ha-noi-roi-tu-tang-cao-xuong-dat-3968299.html,[Phó giám đốc Sở Nông nghiệp và Phát triển nông thôn Hà Nội rơi từ tầng cao xuống đất],[Tất Định - Gia Chính - Phạm Dự],[Thứ sáu |  16/8/2019 |  00:43 (GMT+7)]
https://vnexpress.net/trang-tri-theo-mau-do/topic-9931.html,[],[],[]
https://vnexpress.net/kinh-doanh/gia-nhan-dan-te-thap-ky-luc-3962870.html,[Giá nhân dân tệ thấp kỷ lục],[Hà Thu],[Thứ hai |  5/8/2019 |  11:42 (GMT+7)]
https://vnexpress.net/doi-song/khu-vuon-san-thuong-cua-ba-chu-cong-ty-3966794.html,[Khu vườn sân thượng của bà chủ công ty],[Phan Dương],[Thứ ba |  13/8/2019 |  11:28 (GMT+7)]
https://vnexpress.net/kinh-doanh/vietnam-airlines-ban-ve-uu-dai-cho-khach-hang-thanh-toan-truc-tuyen-3968527.html,[Vietnam Airlines bán vé ưu đãi cho khách hàng thanh toán trực tuyến],[Minh Anh],[Thứ sáu |  16/8/2019 |  11:30 (GMT+7)]
https://vnexpress.net/doi-song/gam-xanh-cho-can-phong-2935604.html,[Gam xanh cho căn phòng],[],[Thứ năm |  8/2/2007 |  11:03 (GMT+7)]
https://vnexpress.net/thoi-su/cong-truong-duong-tren-cao-hon-5-000-ty-dong-o-ha-noi-3968180.html,[Công trường đường trên cao hơn 5.000 tỷ đồng ở Hà Nội],[Giang Huy - Bá Đô],[Thứ sáu |  16/8/2019 |  09:33 (GMT+7)]
https://vnexpress.net/doi-song/nhung-y-tuong-cho-phong-tam-mat-ruoi-trong-mua-he-3945530.html,[Những ý tưởng cho phòng tắm mát rượi trong mùa hè],[Thái Bình],[Thứ bảy |  29/6/2019 |  21:17 (GMT+7)]
https://vnexpress.net/doi-song/choi-mau-co-ban-trong-noi-that-2934298.html,[Chơi màu cơ bản trong nội thất],[],[Thứ năm |  5/2/2009 |  10:05 (GMT+7)]
https://vnexpress.net/kinh-doanh/3-nghe-ky-su-it-co-the-kiem-nua-ty-dong-moi-nam-o-viet-nam-3968578.html,[3 nghề kỹ sư IT có thể kiếm nửa tỷ đồng mỗi năm ở Việt Nam],[Viễn Thông],[Thứ bảy |  17/8/2019 |  04:00 (GMT+7)]
https://vnexpress.net/trang-tri-theo-mau-xanh-lam/topic-9928.html,[],[],[]
https://vnexpress.net/doi-song/nghe-thuat-phoi-mau-do-va-trang-2934143.html,[Nghệ thuật phối màu đỏ và trắng],[],[Thứ năm |  31/12/2009 |  12:47 (GMT+7)]
https://vnexpress.net/kinh-doanh/chung-khoan-my-tang-vot-vi-my-hoan-ap-thue-trung-quoc-3967218.html,[Chứng khoán Mỹ tăng vọt vì Mỹ hoãn áp thuế Trung Quốc],[Hà Thu],[Thứ tư |  14/8/2019 |  07:42 (GMT+7)]
https://vnexpress.net/doi-song/tre-20-thang-tuoi-chua-noi-duoc-tu-nao-co-phai-benh-3794014.html,[Trẻ 20 tháng tuổi chưa nói được từ nào có phải bệnh?],[Vũ Thu Hương],[Thứ sáu |  17/8/2018 |  15:45 (GMT+7)]
https://vnexpress.net/kinh-doanh/my-lui-ngay-ap-thue-voi-mot-so-san-pham-tu-trung-quoc-3967179.html,[Mỹ lùi ngày áp thuế với một số sản phẩm từ Trung Quốc],[Hà Thu],[Thứ ba |  13/8/2019 |  21:27 (GMT+7)]
https://vnexpress.net/kinh-doanh/vo-chong-tre-nen-dau-tu-gi-voi-300-trieu-dong-3451160.html,[Vợ chồng trẻ nên đầu tư gì với 300 triệu đồng?],[],[Thứ bảy |  13/8/2016 |  14:00 (GMT+7)]
https://vnexpress.net/doi-song/nguoi-phu-nu-bi-lua-sach-tien-vi-muon-lay-chong-tay-3968764.html,[Người phụ nữ bị lừa sạch tiền vì muốn lấy chồng Tây],[Hải Hiền],[Thứ sáu |  16/8/2019 |  20:56 (GMT+7)]
https://vnexpress.net/doi-song/5-thoi-quen-khi-nau-an-hai-gia-dinh-ban-3967941.html,[5 thói quen khi nấu ăn hại gia đình bạn],[Thùy Linh],[Thứ năm |  15/8/2019 |  10:54 (GMT+7)]
https://vnexpress.net/thoi-su/tang-tuoi-huu-khong-phai-de-nguoi-duong-chuc-o-lai-lam-viec-3967387.html,['Tăng tuổi hưu không phải để người đương chức ở lại làm việc'],[],[Thứ tư |  14/8/2019 |  14:21 (GMT+7)]
https://vnexpress.net/kinh-doanh/ba-viec-can-lam-o-tuoi-20-de-giau-co-o-tuoi-30-3966664.html,[Ba việc cần làm ở tuổi 20 để giàu có ở tuổi 30],[Phiên An],[Thứ ba |  13/8/2019 |  08:00 (GMT+7)]
https://vnexpress.net/doi-song/song-mon-vi-smartphone-3967982.html,[Sống mòn vì smartphone],[Hải Hiền],[Thứ năm |  15/8/2019 |  19:00 (GMT+7)]
https://vnexpress.net/kinh-doanh/sacombank-hoan-tien-va-tang-galaxy-note-10-cho-chu-the-visa-3967904.html,[Sacombank hoàn tiền và tặng Galaxy Note 10 cho chủ thẻ Visa],[An Phạm],[Thứ năm |  15/8/2019 |  10:50 (GMT+7)]
https://vnexpress.net/trang-tri-theo-mau-cam/topic-9930.html,[],[],[]
https://vnexpress.net/longform/chu-tich-flc-trinh-van-quyet-toi-chua-bao-gio-noi-suong-khi-lam-hang-khong-3967826.html,[],[],[]
https://vnexpress.net/kinh-doanh/200-trieu-dong-co-nen-kinh-doanh-cho-thue-dia-phim-online-3455869.html,[200 triệu đồng có nên kinh doanh cho thuê đĩa phim online?],[],[Chủ nhật |  21/8/2016 |  09:27 (GMT+7)]
https://vnexpress.net/doi-song/cu-dien-thoai-bat-ngo-sau-30-nam-me-biet-tich-3967645.html,[Cú điện thoại bất ngờ sau 30 năm mẹ biệt tích],[Phạm Nga],[Thứ năm |  15/8/2019 |  08:15 (GMT+7)]
https://vnexpress.net/kinh-doanh/trung-quoc-tang-gia-nhan-dan-te-tro-lai-3967280.html,[Trung Quốc tăng giá nhân dân tệ trở lại],[Hà Thu],[Thứ tư |  14/8/2019 |  09:07 (GMT+7)]
https://vnexpress.net/kinh-doanh/thay-tong-giam-doc-tong-cong-ty-giay-viet-nam-3647325.html,[Thay Tổng giám đốc Tổng công ty Giấy Việt Nam],[Anh Minh],[Thứ tư |  27/9/2017 |  10:35 (GMT+7)]
https://vnexpress.net/kinh-doanh/gia-vang-mieng-sjc-lao-doc-3967274.html,[Giá vàng miếng SJC lao dốc],[Hà Thu],[Thứ tư |  14/8/2019 |  08:50 (GMT+7)]
https://vnexpress.net/doi-song/thu-nhap-25-trieu-thang-co-nen-mua-nha-chung-cu-tra-gop-3948485.html,[Thu nhập 25 triệu/tháng |  có nên mua nhà chung cư trả góp?],[Mỹ Linh],[Thứ sáu |  5/7/2019 |  21:02 (GMT+7)]
https://vnexpress.net/kinh-doanh/msb-uu-dai-phi-chuyen-tien-du-hoc-3966936.html,[MSB ưu đãi phí chuyển tiền du học],[An Phạm],[Thứ tư |  14/8/2019 |  11:00 (GMT+7)]
https://vnexpress.net/kinh-doanh/hai-bo-truong-bi-truy-trach-nhiem-ve-5-du-an-duong-sat-doi-von-3968004.html,[Hai Bộ trưởng bị truy trách nhiệm về 5 dự án đường sắt đội vốn],[Anh Minh],[Thứ năm |  15/8/2019 |  14:38 (GMT+7)]
https://vnexpress.net/kinh-doanh/hong-kong-bom-hang-ty-usd-ngan-suy-thoai-kinh-te-3968322.html,[Hong Kong bơm hàng tỷ USD ngăn suy thoái kinh tế],[Hà Thu],[Thứ sáu |  16/8/2019 |  07:51 (GMT+7)]
https://vnexpress.net/kinh-doanh/lam-gi-de-sinh-loi-voi-30-trieu-dong-di-vay-3422518.html,[Làm gì để sinh lời với 30 triệu đồng đi vay?],[],[Thứ hai |  20/6/2016 |  06:00 (GMT+7)]
https://vnexpress.net/doi-song/nhung-benh-tre-de-mac-vao-mua-nang-nong-3940204.html,[Những bệnh trẻ dễ mắc vào mùa nắng nóng],[Ngọc Thi],[Thứ sáu |  12/7/2019 |  19:00 (GMT+7)]
https://vnexpress.net/doi-song/nguoi-phu-nu-gan-50-nam-khong-ngam-duoc-mieng-3967305.html,[Người phụ nữ gần 50 năm không ngậm được miệng],[Hải Hiền],[Thứ tư |  14/8/2019 |  11:41 (GMT+7)]
https://vnexpress.net/thoi-su/ong-nguyen-thien-nhan-se-co-giai-phap-thoa-dang-cho-viec-o-thu-thiem-3756269.html,[Ông Nguyễn Thiện Nhân: Sẽ có giải pháp thoả đáng cho việc ở Thủ Thiêm],[Nguyễn Hoài],[Thứ ba |  29/5/2018 |  17:27 (GMT+7)]
https://vnexpress.net/tuyen-dung.html,[],[],[]
https://vnexpress.net/doi-song/5-kieu-nguoi-cha-vo-tinh-lam-hai-tuong-lai-con-gai-3968450.html,[5 kiểu người cha vô tình làm hại tương lai con gái],[Thùy Linh],[Thứ sáu |  16/8/2019 |  10:13 (GMT+7)]
https://vnexpress.net/doi-song/ban-ghe-balo-chong-gu-cho-tre-3967341.html,[Bàn ghế |  balo chống gù cho trẻ],[Tâm An],[Thứ năm |  15/8/2019 |  08:00 (GMT+7)]
https://vnexpress.net/thoi-su/bon-giai-phap-hoi-sinh-song-to-lich-3968645.html,[Bốn giải pháp 'hồi sinh' sông Tô Lịch],[Việt Chung-Bá Đô],[Thứ bảy |  17/8/2019 |  00:00 (GMT+7)]
https://vnexpress.net/kinh-doanh/vai-trieu-dong-mot-trai-mit-khung-3967369.html,[Vài triệu đồng một trái mít 'khủng'],[Thi Hà],[Thứ tư |  14/8/2019 |  11:56 (GMT+7)]
https://vnexpress.net/kinh-doanh/vi-sao-hang-hoa-co-ty-le-noi-dia-30-se-duoc-ghi-made-in-vietnam-3967732.html,[Vì sao hàng hóa có tỷ lệ nội địa 30% sẽ được ghi 'made in Vietnam'?],[Nguyễn Hoài],[Thứ năm |  15/8/2019 |  10:19 (GMT+7)]
https://vnexpress.net/kinh-doanh/nha-nuoc-chua-du-nguon-luc-mua-lai-cac-du-an-bot-3967465.html,[Nhà nước chưa đủ nguồn lực mua lại các dự án BOT],[Anh Minh],[Thứ năm |  15/8/2019 |  15:37 (GMT+7)]
https://vnexpress.net/doi-song/vua-dau-bep-tham-gia-su-kien-am-thuc-tai-ha-noi-3895220.html,['Vua đầu bếp' tham gia sự kiện ẩm thực tại Hà Nội],[Ngọc Thi],[Thứ sáu |  15/3/2019 |  20:00 (GMT+7)]
https://vnexpress.net/trang-tri-theo-mau-vang/topic-9929.html,[],[],[]
https://vnexpress.net/,[],[],[]
https://vnexpress.net/thoi-su/su-thay-thich-minh-quang-thang-7-am-lich-dep-nhat-nam-3967241.html,[Sư thầy Thích Minh Quang: 'Tháng 7 âm lịch đẹp nhất năm'],[Viết Tuân - Đình Khoa],[Thứ tư |  14/8/2019 |  10:46 (GMT+7)]
https://vnexpress.net/kinh-doanh/du-lieu-loai-dau-mo-moi-cua-nen-kinh-te-so-3968491.html,[Dữ liệu - loại 'dầu mỏ' mới của nền kinh tế số],[Quỳnh Trang],[Thứ sáu |  16/8/2019 |  10:51 (GMT+7)]
https://vnexpress.net/doi-song/co-gai-xay-nha-tren-nui-dua-cha-me-len-song-an-dat-3966629.html,[Cô gái xây nhà trên núi đưa cha mẹ lên sống ẩn dật],[Bảo Nhiên],[Thứ ba |  13/8/2019 |  06:58 (GMT+7)]
https://vnexpress.net/kinh-doanh/chinh-phu-cho-phep-dung-tai-san-cong-thanh-toan-cho-du-an-doi-dat-lay-ha-tang-3968260.html,[Chính phủ cho phép dùng tài sản công thanh toán cho dự án 'đổi đất lấy hạ tầng'],[Anh Minh],[Thứ sáu |  16/8/2019 |  10:01 (GMT+7)]
https://vnexpress.net/kinh-doanh/trump-hoan-tang-thue-voi-trung-quoc-de-tranh-mua-giang-sinh-3967295.html,[Trump hoãn tăng thuế với Trung Quốc để tránh mùa Giáng sinh],[Tú Anh],[Thứ tư |  14/8/2019 |  09:36 (GMT+7)]
https://vnexpress.net/doi-song/kirin-latte-ca-phe-amp-vanilla-thuc-uong-the-hien-phong-cach-ca-phe-moi-3966578.html,[Kirin Latte Cà phê & Vanilla - thức uống thể hiện phong cách cà phê mới],[Lê Nguyễn],[Thứ tư |  14/8/2019 |  09:00 (GMT+7)]
https://vnexpress.net/thoi-su/go-rung-la-liet-sau-khi-lu-rut-o-thanh-hoa-3967720.html,[Gỗ rừng la liệt sau khi lũ rút ở Thanh Hóa],[],[Thứ năm |  15/8/2019 |  10:47 (GMT+7)]
https://vnexpress.net/kinh-doanh/tang-truong-tin-dung-nam-nay-kho-can-dich-3967012.html,[Tăng trưởng tín dụng năm nay khó cán đích],[Minh Sơn],[Thứ tư |  14/8/2019 |  05:00 (GMT+7)]
https://vnexpress.net/doi-song/mat-trai-cua-nhung-dua-tre-ngoan-3966400.html,[Mặt trái của những đứa trẻ ngoan],[Minh Trang],[Thứ năm |  15/8/2019 |  07:00 (GMT+7)]
https://vnexpress.net/doi-song/tuoi-cay-bang-da-lanh-giai-phap-cho-gia-chu-luoi-3959162.html,[Tưới cây bằng đá lạnh - giải pháp cho gia chủ 'lười'],[Hoàng Anh],[Thứ hai |  29/7/2019 |  08:22 (GMT+7)]
https://vnexpress.net/kinh-doanh/fpt-shop-tang-loa-harman-kardon-cho-khach-dat-mua-note10-3967505.html,[FPT Shop tặng loa Harman Kardon cho khách đặt mua Note10+],[Huỳnh Anh],[Thứ tư |  14/8/2019 |  15:30 (GMT+7)]
https://vnexpress.net/doi-song/cha-xuong-song-cho-bua-com-ngay-se-lanh-3847314.html,[Chả xương sông cho bữa cơm ngày se lạnh],[Hoài Nhơn],[Thứ năm |  6/12/2018 |  15:00 (GMT+7)]
https://vnexpress.net/kinh-doanh/60-trieu-dong-co-the-mo-quan-ca-phe-nhuong-quyen-3437663.html,[60 triệu đồng có thể mở quán cà phê nhượng quyền?],[],[Chủ nhật |  17/7/2016 |  09:10 (GMT+7)]
https://vnexpress.net/doi-song/nhung-mon-trang-mieng-tru-danh-the-gioi-3812277.html,[Những món tráng miệng trứ danh thế giới],[Hoài Nhơn],[Thứ sáu |  21/9/2018 |  20:00 (GMT+7)]
https://vnexpress.net/doi-song/bi-quyet-duy-tri-ve-dep-tu-thuc-don-dinh-duong-3901970.html,[Bí quyết duy trì vẻ đẹp từ thực đơn dinh dưỡng],[Hoài Nhơn],[Thứ tư |  17/4/2019 |  10:00 (GMT+7)]
https://vnexpress.net/doi-song/cau-thang-giup-chu-nha-vinh-phuc-duoc-ngam-hoa-ca-ngay-3967392.html,[Cầu thang giúp chủ nhà Vĩnh Phúc được ngắm hoa cả ngày],[Thái Bình |  Nguyễn Duy],[Thứ tư |  14/8/2019 |  18:12 (GMT+7)]
https://vnexpress.net/doi-song/7-mon-do-chi-nen-di-thue-thay-vi-mua-moi-2972778.html,[7 món đồ chỉ nên đi thuê thay vì mua mới],[Anh Đức],[Thứ sáu |  4/4/2014 |  08:07 (GMT+7)]
https://vnexpress.net/trang-tri-theo-mau-xanh-duong/topic-9927.html,[],[],[]
https://vnexpress.net/kinh-doanh/tong-cuc-thong-ke-khong-dung-cach-tinh-moi-khi-danh-gia-lai-gdp-3968587.html,[Tổng cục Thống kê: 'Không dùng cách tính mới khi đánh giá lại GDP'],[Minh Sơn],[Thứ sáu |  16/8/2019 |  16:12 (GMT+7)]
https://vnexpress.net/doi-song/phoi-do-nha-binh-dan-dep-nhu-can-ho-cao-cap-3968309.html,[Phối đồ nhà bình dân đẹp như căn hộ cao cấp],[Thái Bình],[Thứ sáu |  16/8/2019 |  09:08 (GMT+7)]
https://vnexpress.net/doi-song/lam-am-voi-nhung-mang-mau-cam-2934329.html,[Làm ấm với những mảng màu cam],[],[Thứ tư |  14/1/2009 |  16:21 (GMT+7)]
https://vnexpress.net/doi-song/12-dieu-luat-co-gai-anh-bi-ban-trai-bat-tuan-thu-3967251.html,[12 điều luật cô gái Anh bị bạn trai bắt tuân thủ],[Minh Trang],[Thứ tư |  14/8/2019 |  09:08 (GMT+7)]
https://vnexpress.net/doi-song/co-nen-vay-tien-de-doi-chung-cu-lon-hon-3949054.html,[Có nên vay tiền để đổi chung cư lớn hơn?],[Hiệp],[Chủ nhật |  7/7/2019 |  20:22 (GMT+7)]
https://vnexpress.net/kinh-doanh/xuat-khau-cua-viet-nam-vao-my-tang-khong-nho-chien-tranh-thuong-mai-3968559.html,['Xuất khẩu của Việt Nam vào Mỹ tăng không nhờ chiến tranh thương mại'],[Viễn Thông],[Thứ sáu |  16/8/2019 |  14:20 (GMT+7)]
https://vnexpress.net/doi-song/nap-trong-hoc-be-3-tuoi-song-sot-trong-rung-day-gau-va-cho-soi-3968310.html,[Nấp trong hốc |  bé 3 tuổi sống sót trong rừng đầy gấu và chó sói],[Trọng Nghĩa],[Thứ sáu |  16/8/2019 |  06:25 (GMT+7)]
https://vnexpress.net/kinh-doanh/dai-gia-ban-le-aeon-dam-phan-mua-cong-ty-tai-chinh-tieu-dung-viet-nam-3968257.html,[Đại gia bán lẻ AEON đàm phán mua công ty tài chính tiêu dùng Việt Nam],[Anh Minh],[Thứ năm |  15/8/2019 |  19:32 (GMT+7)]
https://vnexpress.net/thoi-su/thanh-tra-chinh-phu-chi-ra-nhieu-sai-pham-o-quy-hoach-thu-thiem-3805285.html,[Thanh tra Chính phủ chỉ ra nhiều sai phạm ở quy hoạch Thủ Thiêm],[],[Thứ sáu |  7/9/2018 |  19:47 (GMT+7)]
https://vnexpress.net/doi-song/co-gai-ha-noi-mua-hon-1-000-bo-noi-y-trong-hai-nam-3964492.html,[Cô gái Hà Nội mua hơn 1.000 bộ nội y trong hai năm],[Minh Trang],[Thứ sáu |  16/8/2019 |  08:23 (GMT+7)]
https://vnexpress.net/doi-song/an-uong-khoa-hoc-theo-cach-cua-gia-dinh-cong-vinh-thuy-tien-3792723.html,[Ăn uống khoa học theo cách của gia đình Công Vinh - Thủy Tiên],[Kim Uyên],[Thứ bảy |  18/8/2018 |  08:00 (GMT+7)]
https://vnexpress.net/doi-song/trung-so-doc-dac-cap-vo-chong-tri-hoan-nhan-vi-chua-ranh-3968683.html,[Trúng số độc đắc |  cặp vợ chồng trì hoãn nhận vì chưa rảnh],[Hải Hiền],[Thứ sáu |  16/8/2019 |  16:19 (GMT+7)]
https://vnexpress.net/thoi-su/tp-hcm-se-boi-thuong-cho-nguoi-thu-thiem-theo-gia-dat-hien-tai-3967502.html,[TP HCM sẽ bồi thường cho người Thủ Thiêm theo giá đất hiện tại],[Trung Sơn],[Thứ tư |  14/8/2019 |  15:17 (GMT+7)]
https://vnexpress.net/doi-song/nghe-nhan-anh-tuyet-nguoi-luu-giu-va-quang-ba-huong-vi-truyen-thong-3967026.html,[Nghệ nhân Ánh Tuyết - người lưu giữ và quảng bá hương vị truyền thống],[Nha Trang],[Thứ tư |  14/8/2019 |  09:00 (GMT+7)]
https://vnexpress.net/kinh-doanh/bamboo-airways-duoc-phep-tang-doi-bay-len-30-chiec-3967515.html,[Bamboo Airways được phép tăng đội bay lên 30 chiếc],[Anh Tú – Nguyễn Hà],[Thứ tư |  14/8/2019 |  14:43 (GMT+7)]
https://vnexpress.net/kinh-doanh/msb-mien-nhieu-loai-phi-giup-doanh-nghiep-tiet-kiem-tien-trieu-3968086.html,[MSB miễn nhiều loại phí giúp doanh nghiệp tiết kiệm tiền triệu],[Minh Anh],[Thứ sáu |  16/8/2019 |  08:00 (GMT+7)]
https://vnexpress.net/kinh-doanh/400-trieu-kinh-doanh-gi-de-lam-giau-o-sai-gon-3424566.html,[400 triệu kinh doanh gì để làm giàu ở Sài Gòn?],[],[Thứ năm |  23/6/2016 |  10:42 (GMT+7)]
https://vnexpress.net/doi-song/bo-me-khong-nen-mua-smartphone-cho-con-truoc-cap-2-3790787.html,[Bố mẹ không nên mua smartphone cho con trước cấp 2],[Bảo Ngọc],[Thứ bảy |  11/8/2018 |  15:59 (GMT+7)]
https://vnexpress.net/thoi-su/trung-tam-hanh-chinh-hon-650-ty-dong-o-thanh-hoa-3967421.html,[Trung tâm hành chính hơn 650 tỷ đồng ở Thanh Hoá],[],[Thứ bảy |  17/8/2019 |  00:00 (GMT+7)]
https://vnexpress.net/kinh-doanh/gia-xang-giam-hon-500-dong-moi-lit-3968572.html,[Giá xăng giảm hơn 500 đồng mỗi lít],[Anh Minh],[Thứ sáu |  16/8/2019 |  15:07 (GMT+7)]
https://vnexpress.net/longform/ong-chu-8x-dua-trai-cay-nhap-khau-sach-ra-mien-trung-3967314.html,[],[],[]
https://vnexpress.net/doi-song/phong-ngu-mau-xanh-la-cay-la-mat-2933990.html,[Phòng ngủ màu xanh lá cây lạ mắt],[],[Thứ bảy |  6/11/2010 |  12:06 (GMT+7)]
https://vnexpress.net/kinh-doanh/trung-quoc-siet-nhap-khau-vang-3968007.html,[Trung Quốc siết nhập khẩu vàng],[Phiên An],[Thứ năm |  15/8/2019 |  14:12 (GMT+7)]
https://vnexpress.net/kinh-doanh/vietnamobile-xin-dung-trien-khai-chuyen-mang-giu-so-3967855.html,[Vietnamobile xin dừng triển khai chuyển mạng giữ số],[Nguyễn Hà],[Thứ năm |  15/8/2019 |  15:26 (GMT+7)]
https://vnexpress.net/kinh-doanh/gia-vang-mieng-sjc-van-quanh-42-trieu-dong-3968390.html,[Giá vàng miếng SJC vẫn quanh 42 triệu đồng],[Hà Thu],[Thứ sáu |  16/8/2019 |  09:30 (GMT+7)]
https://vnexpress.net/kinh-doanh/lam-gi-de-vua-di-du-lich-vua-kiem-tien-3967621.html,[Làm gì để vừa đi du lịch vừa kiếm tiền?],[Tú Anh],[Thứ sáu |  16/8/2019 |  04:00 (GMT+7)]
https://vnexpress.net/longform/cuoc-vat-lon-cua-mot-bieu-tuong-kinh-te-quoc-doanh-3928079.html,[],[],[]
https://vnexpress.net/kinh-doanh/5-du-an-duong-sat-do-thi-doi-von-hon-81-000-ty-dong-3933810.html,[5 dự án đường sắt đô thị 'đội vốn' hơn 81.000 tỷ đồng],[Nguyễn Hoài],[Thứ tư |  5/6/2019 |  08:35 (GMT+7)]
https://vnexpress.net/thoi-su/hon-1-400-qua-dan-tu-thoi-chien-tranh-duoc-huy-no-3968306.html,[Hơn 1.400 quả đạn từ thời chiến tranh được hủy nổ],[],[Thứ sáu |  16/8/2019 |  13:54 (GMT+7)]
https://vnexpress.net/thoi-su/ong-nguyen-thien-nhan-toi-gap-cu-tri-thu-thiem-den-khi-giai-quyet-xong-van-de-3766391.html,[Ông Nguyễn Thiện Nhân: 'Tôi gặp cử tri Thủ Thiêm đến khi giải quyết xong vấn đề'],[Ban Thời sự],[Thứ tư |  20/6/2018 |  14:13 (GMT+7)]
https://vnexpress.net/kinh-doanh/vietjet-ban-ve-tu-2-020-dong-ap-dung-cho-thanh-toan-bang-the-ket-noi-napas-3968457.html,[Vietjet bán vé từ 2.020 đồng áp dụng cho thanh toán bằng thẻ kết nối Napas],[Minh Anh],[Thứ sáu |  16/8/2019 |  10:25 (GMT+7)]
https://vnexpress.net/kinh-doanh/chinh-phu-cho-phep-thu-nghiem-sandbox-trong-kinh-te-chia-se-3967189.html,[Chính phủ cho phép thử nghiệm sandbox trong kinh tế chia sẻ],[Anh Minh],[Thứ tư |  14/8/2019 |  08:48 (GMT+7)]
https://vnexpress.net/doi-song/go-dan-huong-tram-tung-bach-lam-moi-khong-gian-song-3966226.html,[Gỗ đàn hương |  trầm |  tùng bách làm mới không gian sống],[Tâm An],[Thứ ba |  13/8/2019 |  13:30 (GMT+7)]
